{
  "means": [
    5296.45751953125,
    985.9009399414062,
    58.624759674072266,
    3.5987370014190674,
    282.6044616699219,
    298.2374572753906,
    0.006556919310241938,
    0.30786633491516113,
    -0.9399410486221313,
    55.3145751953125,
    25.375751495361328,
    -0.004944010637700558
  ],
  "stds": [
    2178.69189453125,
    871.5595703125,
    5776.06689453125,
    1.2618119716644287,
    16.616458892822266,
    17.442302703857422,
    0.003773167496547103,
    1.481701374053955,
    2.435131072998047,
    26.017465591430664,
    191.63717651367188,
    0.15112416446208954
  ],
  "pos_weight": 85.10928835084445,
  "fire_ratio": 0.011613139163718448,
  "num_train": 10000,
  "num_val": 1877,
  "num_test": 1689
}