{
  "train_loss": [
    0.765753397926355,
    0.6887963197101801,
    0.670330559102872,
    0.6693720889929384,
    0.6594584195758588,
    0.6530039011479948,
    0.6530870004964713,
    0.648279071996768,
    0.6401405231640361,
    0.6397688830622469,
    0.6352592849502929,
    0.6322491728840545,
    0.6296075729135507,
    0.6273125292013247
  ],
  "val_loss": [
    0.9430657483763614,
    0.8735209824675221,
    0.8899748103093292,
    0.8447302367727635,
    0.9028030704643767,
    0.852542440770036,
    0.8691588387650958,
    0.8814514814797094,
    0.9479344517497693,
    0.8955920641705141,
    0.8765980075981658,
    0.9160531294547906,
    0.8369240437523794,
    0.907341214559846
  ],
  "train_iou": [
    0.09824560561363166,
    0.10779193130592568,
    0.11234459132194138,
    0.11543001790349476,
    0.11865200612920161,
    0.11959471244115037,
    0.12059338321796241,
    0.1219719121107659,
    0.12598701850912822,
    0.12692463759797068,
    0.1278431158596144,
    0.13043287561867184,
    0.1304484808597321,
    0.13201375285419412
  ],
  "val_iou": [
    0.09104850147929737,
    0.09709296318686615,
    0.10980967520657232,
    0.10677057128967875,
    0.1166286667398477,
    0.12202242982842154,
    0.11310535880847503,
    0.11434122528565133,
    0.1352068599376638,
    0.12388359291194859,
    0.12528019916203062,
    0.1326295174342596,
    0.12404524850643288,
    0.12377781847144588
  ],
  "train_f1": [
    0.17759647466444645,
    0.19338263633152167,
    0.2008247981056238,
    0.20581079724307258,
    0.21083074793838463,
    0.2125323807802825,
    0.2140707233652901,
    0.2163645635112025,
    0.2226615555989095,
    0.22416167375378715,
    0.2256372992556316,
    0.22949526366143944,
    0.22960207575616745,
    0.23209377932853212
  ],
  "val_f1": [
    0.16539270408704118,
    0.17533019772272998,
    0.19626010026214485,
    0.19110443534613666,
    0.20712647050366564,
    0.21548162779565586,
    0.20146869672304493,
    0.20351905287322353,
    0.2361768042763411,
    0.21831631578378757,
    0.22066369861111804,
    0.23205141476907973,
    0.21888160756078817,
    0.2182599794182737
  ],
  "lr": [
    0.0009939057285945933,
    0.0009757729755661012,
    0.0009460482294732422,
    0.0009054634122155991,
    0.0008550178566873411,
    0.0007959536998847743,
    0.0007297252973710758,
    0.0006579634122155991,
    0.0005824350601949144,
    0.0005050000000000001,
    0.000427564939805086,
    0.0003520365877844012,
    0.00028027470262892445,
    0.0002140463001152259
  ]
}